source,target,weight
0,88,5
0,42,5
0,89,10
0,2,5
0,41,10
1,63,10
1,27,5
1,22,10
1,20,10
1,21,10
1,9,10
1,19,10
1,15,10
1,3,10
1,10,10
1,8,10
2,41,10
2,4,10
3,91,10
21,3,10
19,3,10
3,8,10
20,3,10
10,3,10
15,3,10
3,9,10
4,0,5
4,42,10
4,41,10
6,4,5
6,13,5
16,6,10
32,6,10
6,24,5
6,27,5
7,42,5
7,34,5
30,7,10
25,7,10
31,7,10
32,7,10
27,7,10
7,15,5
17,7,10
24,7,10
63,8,10
8,88,10
22,8,10
8,26,5
116,8,10
20,8,10
19,8,10
10,8,10
15,8,10
21,8,10
8,9,10
9,42,5
9,4,5
22,9,10
26,9,10
21,9,10
20,9,10
19,9,10
10,9,10
15,9,10
10,22,10
10,33,5
10,63,10
10,26,10
10,21,10
10,20,10
10,15,10
10,19,10
11,23,10
13,61,5
13,41,5
13,4,5
13,2,5
13,42,5
101,13,10
13,18,10
13,16,10
13,17,5
14,51,5
14,73,10
14,18,5
14,24,5
14,4,5
14,27,5
14,43,5
14,54,10
15,31,10
15,20,10
15,26,5
15,21,10
15,6,5
15,17,10
113,16,10
16,27,10
16,32,10
16,18,10
16,43,5
17,22,10
17,87,5
17,99,10
17,88,10
17,30,10
17,18,10
17,44,10
17,42,5
17,52,10
102,17,10
17,46,10
17,32,10
17,6,5
17,27,10
17,31,10
17,34,10
17,24,10
17,25,10
18,4,5
18,42,5
18,40,10
18,96,10
18,53,5
18,45,10
18,36,5
18,31,5
18,32,10
18,27,10
18,43,10
19,20,5
19,21,10
20,63,10
20,21,10
20,33,10
20,26,10
21,33,10
21,26,10
22,2,5
22,88,10
22,41,5
22,99,5
22,42,5
22,27,5
22,31,5
22,25,5
22,7,5
22,15,5
22,46,10
24,46,10
24,32,10
24,25,10
24,34,10
24,27,10
24,31,10
25,32,10
25,31,10
25,27,10
25,30,5
26,63,10
26,19,5
26,33,10
27,32,10
27,34,10
27,45,10
27,48,10
27,13,5
27,31,10
115,27,10
27,36,10
103,27,10
27,53,5
107,27,10
27,97,10
27,55,10
27,96,10
27,46,10
117,28,10
28,7,5
28,18,5
28,27,5
28,115,5
28,114,5
28,36,5
28,64,10
28,66,5
28,69,10
28,65,10
28,53,5
30,27,5
30,31,10
31,42,5
31,45,5
31,4,5
31,32,10
32,36,5
32,92,10
32,97,10
32,38,10
32,57,10
32,13,5
32,46,10
32,43,10
32,34,10
33,9,5
34,31,5
34,85,10
35,31,5
35,68,10
35,80,5
35,49,10
35,18,5
35,27,5
35,67,5
115,36,10
103,36,10
36,53,10
36,45,10
37,42,5
37,61,5
37,27,5
37,15,5
37,18,5
37,103,5
37,114,5
37,115,5
37,24,5
37,2,5
37,0,5
37,4,5
37,53,5
37,7,5
37,31,5
38,2,5
38,42,5
38,24,5
115,38,10
38,114,5
106,38,10
38,31,5
38,7,5
38,18,5
38,61,5
38,0,5
38,4,5
38,27,5
38,58,10
38,36,5
38,53,5
39,4,5
39,73,10
39,42,5
39,76,10
39,70,10
39,77,10
39,114,5
39,115,5
39,27,5
39,36,5
39,53,5
40,43,10
40,13,5
40,36,5
40,96,10
40,16,5
40,45,10
40,27,5
40,15,5
42,99,10
42,88,10
42,15,5
43,6,5
43,27,5
45,87,5
45,96,10
45,16,5
46,34,5
46,31,5
46,7,5
48,16,5
48,18,5
49,27,5
49,42,5
49,18,5
51,42,5
51,15,5
51,4,5
51,27,5
115,53,10
114,53,10
107,53,10
53,103,5
54,18,5
54,62,10
54,27,5
54,43,5
56,54,5
56,62,10
56,27,5
56,43,5
115,57,10
57,103,5
57,58,10
57,27,5
57,36,5
57,53,5
58,61,5
115,58,10
58,114,5
58,106,5
105,58,10
58,59,10
100,58,10
58,31,5
58,18,5
58,97,10
58,13,5
58,27,5
58,36,5
59,57,5
115,59,10
59,38,5
59,31,5
59,32,5
59,13,5
59,97,10
59,53,5
59,18,5
59,27,5
59,36,5
60,7,5
60,114,5
60,103,5
60,36,5
60,115,5
60,53,5
60,27,5
62,27,5
62,43,5
62,18,5
63,3,5
64,66,5
64,42,5
64,18,5
64,69,10
64,65,10
64,114,5
64,27,5
64,115,5
64,53,5
65,39,5
65,73,10
117,65,10
65,114,5
65,66,5
65,69,10
65,27,5
65,36,5
65,115,5
65,53,5
66,114,5
66,27,5
66,115,5
66,53,5
67,43,5
67,18,5
67,31,5
67,24,5
67,96,5
67,27,5
68,42,5
68,43,5
68,31,5
68,7,5
68,27,5
68,67,5
68,51,5
69,66,5
69,27,5
69,115,5
69,53,5
70,24,5
70,31,5
70,17,5
70,75,5
70,78,10
70,84,5
70,71,10
70,27,5
70,72,10
70,77,10
70,76,10
70,73,10
70,74,10
70,53,5
70,36,5
70,95,10
71,4,5
71,77,10
71,39,5
71,114,5
71,95,10
71,78,10
71,76,10
71,72,10
71,75,10
71,36,5
71,73,10
71,74,10
71,27,5
71,53,5
72,24,5
72,18,5
72,34,5
72,84,5
72,76,10
72,115,5
72,78,10
72,39,5
72,114,5
72,27,5
72,73,10
72,75,10
72,77,10
72,74,10
72,95,10
72,53,5
72,31,5
73,42,5
73,45,5
73,48,5
117,73,10
73,51,5
73,18,5
73,77,10
73,95,10
73,74,10
73,115,5
73,114,5
73,103,5
73,53,5
73,36,5
73,27,5
74,84,10
74,115,5
74,76,10
74,36,5
74,77,10
74,75,10
74,114,5
74,27,5
74,39,5
74,78,10
74,95,10
75,77,10
75,76,10
75,73,5
75,95,10
75,78,10
75,53,5
75,27,5
76,42,5
76,4,5
76,84,5
76,96,5
76,46,5
76,77,10
76,95,10
76,73,5
76,24,5
76,7,5
76,31,5
76,103,5
76,114,5
76,53,5
76,27,5
76,78,10
76,115,5
77,18,5
77,115,5
77,78,10
77,95,10
77,27,5
77,53,5
78,95,10
78,73,5
78,27,5
78,114,5
78,39,5
78,53,5
79,42,5
79,4,5
81,114,5
81,34,5
81,42,5
81,7,5
81,31,5
81,115,5
81,27,5
81,53,5
82,18,5
82,27,5
82,45,5
82,83,10
84,27,5
84,95,10
85,25,5
85,31,5
85,27,5
85,24,5
88,4,5
88,99,10
88,116,5
92,34,5
92,24,5
92,27,5
93,27,5
94,0,5
94,41,5
94,99,5
94,45,5
94,42,5
95,18,5
95,36,5
95,7,5
95,114,5
95,31,5
95,53,5
95,115,5
95,24,5
95,27,5
96,36,5
96,31,5
96,16,5
96,24,5
97,38,5
97,61,5
97,48,5
97,13,5
97,34,5
97,24,5
98,24,5
98,16,5
98,103,5
110,98,10
98,4,5
98,100,5
98,13,5
106,98,10
98,27,5
105,98,10
100,110,10
100,115,10
100,114,5
100,107,5
100,27,5
100,13,5
100,106,10
100,103,5
100,36,5
100,53,5
100,105,10
101,27,5
102,27,5
102,24,5
102,42,5
102,31,5
102,25,5
102,46,5
103,24,5
103,115,10
103,107,10
105,24,5
105,7,5
105,115,10
105,110,10
105,106,10
105,103,5
105,27,5
105,36,5
105,53,5
105,13,5
105,31,5
106,115,10
106,110,10
106,13,5
106,53,5
106,36,5
106,27,5
106,103,5
106,7,5
108,17,5
108,115,5
108,113,10
108,107,5
108,27,5
108,16,5
109,36,5
109,103,5
109,27,5
109,115,10
109,53,5
110,27,5
111,27,5
111,117,10
111,17,5
111,115,5
111,114,5
111,112,5
111,103,5
111,36,5
111,53,5
112,115,10
112,34,5
112,32,5
112,27,5
112,36,5
112,103,5
112,53,5
113,42,5
113,27,5
113,107,5
114,36,5
114,18,5
114,31,5
114,44,5
114,115,10
114,17,5
114,24,5
114,27,5
115,61,5
115,110,5
115,98,5
115,31,5
115,96,5
115,55,5
115,107,5
115,17,5
115,24,5
115,46,5
115,18,5
116,1,5
116,15,5
116,20,5
116,10,5
116,3,5
116,21,5
116,19,5
116,9,5
117,4,5
117,18,5
117,61,5
117,98,5
117,24,5
117,31,5
117,32,5
117,53,5
117,115,5
117,114,5
117,27,5
117,36,5
18,6,1
38,6,1
17,38,1
37,6,1
0,13,1
13,37,1
0,18,1
0,45,1
13,45,1
59,7,1
7,70,1
59,60,1
59,70,1
59,76,1
60,70,1
60,76,1
21,4,1
21,37,1
21,51,1
21,76,1
37,51,1
37,76,1
51,76,1
13,51,1
37,59,1
51,59,1
15,16,1
0,6,1
18,22,1
18,79,1
22,79,1
13,21,1
13,31,1
13,38,1
13,47,1
13,60,1
13,95,1
112,13,1
21,31,1
21,38,1
21,40,1
21,47,1
21,59,1
21,60,1
21,95,1
112,21,1
31,40,1
31,47,1
31,51,1
31,60,1
112,31,1
37,38,1
37,40,1
37,47,1
37,60,1
37,95,1
112,37,1
38,40,1
38,47,1
38,51,1
38,60,1
38,95,1
112,38,1
40,47,1
40,51,1
40,59,1
40,60,1
40,95,1
112,40,1
47,51,1
47,59,1
47,60,1
47,95,1
112,47,1
51,60,1
51,95,1
112,51,1
59,95,1
112,59,1
60,95,1
112,60,1
112,95,1
40,6,1
28,31,1
28,37,1
28,38,1
28,51,1
28,74,1
28,76,1
112,28,1
31,74,1
37,74,1
117,37,1
38,74,1
38,76,1
117,38,1
51,74,1
117,51,1
112,74,1
117,74,1
112,76,1
117,76,1
112,117,1
0,15,1
0,7,1
0,16,1
0,31,1
0,32,1
0,40,1
0,44,1
0,84,1
0,116,1
6,7,1
31,6,1
44,6,1
6,84,1
116,6,1
16,7,1
40,7,1
44,7,1
7,84,1
116,7,1
16,31,1
16,37,1
16,38,1
16,44,1
16,84,1
116,16,1
31,44,1
31,84,1
116,31,1
32,37,1
32,40,1
32,44,1
32,84,1
116,32,1
37,44,1
37,84,1
116,37,1
38,44,1
38,84,1
116,38,1
40,44,1
40,84,1
116,40,1
44,84,1
116,44,1
116,84,1
15,59,1
15,60,1
13,9,1
17,9,1
18,9,1
28,9,1
37,9,1
38,9,1
40,9,1
47,9,1
51,9,1
59,9,1
65,9,1
71,9,1
72,9,1
74,9,1
75,9,1
81,9,1
9,95,1
9,99,1
108,9,1
111,9,1
112,9,1
117,9,1
13,15,1
13,28,1
13,65,1
13,71,1
13,72,1
13,74,1
13,75,1
13,81,1
13,99,1
108,13,1
111,13,1
117,13,1
15,18,1
15,28,1
15,38,1
15,47,1
15,65,1
15,71,1
15,72,1
15,74,1
15,75,1
15,81,1
15,95,1
15,99,1
108,15,1
111,15,1
112,15,1
117,15,1
17,21,1
17,28,1
17,37,1
17,40,1
17,47,1
17,51,1
17,59,1
17,65,1
17,71,1
17,72,1
17,74,1
17,75,1
17,81,1
17,95,1
112,17,1
117,17,1
18,21,1
18,47,1
18,51,1
18,65,1
18,71,1
18,74,1
18,75,1
18,81,1
18,99,1
108,18,1
111,18,1
112,18,1
21,28,1
21,42,1
21,65,1
21,71,1
21,72,1
21,74,1
21,75,1
21,81,1
21,99,1
108,21,1
111,21,1
117,21,1
28,40,1
28,42,1
28,47,1
28,59,1
28,71,1
28,72,1
28,75,1
28,81,1
28,95,1
28,99,1
108,28,1
111,28,1
37,65,1
37,71,1
37,72,1
37,75,1
37,81,1
37,99,1
108,37,1
111,37,1
38,65,1
38,71,1
38,72,1
38,75,1
38,81,1
38,99,1
108,38,1
111,38,1
40,42,1
40,65,1
40,71,1
40,72,1
40,74,1
40,75,1
40,81,1
40,99,1
108,40,1
111,40,1
117,40,1
42,47,1
42,59,1
42,65,1
42,71,1
42,72,1
42,74,1
42,75,1
42,95,1
108,42,1
111,42,1
112,42,1
117,42,1
47,65,1
47,71,1
47,72,1
47,74,1
47,75,1
47,81,1
47,99,1
108,47,1
111,47,1
117,47,1
51,65,1
51,71,1
51,72,1
51,75,1
51,81,1
51,99,1
108,51,1
111,51,1
59,65,1
59,71,1
59,72,1
59,74,1
59,75,1
59,81,1
59,99,1
108,59,1
111,59,1
117,59,1
65,71,1
65,72,1
65,74,1
65,75,1
65,81,1
65,95,1
65,99,1
108,65,1
111,65,1
112,65,1
71,81,1
71,99,1
108,71,1
111,71,1
112,71,1
117,71,1
72,81,1
72,99,1
108,72,1
111,72,1
112,72,1
117,72,1
74,81,1
74,99,1
108,74,1
111,74,1
75,81,1
75,99,1
108,75,1
111,75,1
112,75,1
117,75,1
81,95,1
81,99,1
108,81,1
111,81,1
112,81,1
117,81,1
95,99,1
108,95,1
111,95,1
117,95,1
108,99,1
111,99,1
112,99,1
117,99,1
108,111,1
108,112,1
108,117,1
16,9,1
31,9,1
32,9,1
39,9,1
56,9,1
57,9,1
60,9,1
64,9,1
68,9,1
70,9,1
73,9,1
76,9,1
78,9,1
79,9,1
82,9,1
9,92,1
105,9,1
113,9,1
10,13,1
10,16,1
10,17,1
10,31,1
10,32,1
10,37,1
10,38,1
10,39,1
10,42,1
10,51,1
10,56,1
10,57,1
10,60,1
10,64,1
10,68,1
10,70,1
10,72,1
10,73,1
10,74,1
10,76,1
10,78,1
10,79,1
10,81,1
10,82,1
10,92,1
10,105,1
10,108,1
10,111,1
10,112,1
10,113,1
13,39,1
13,56,1
13,57,1
13,64,1
13,68,1
13,70,1
13,73,1
13,76,1
13,78,1
13,79,1
13,82,1
13,92,1
113,13,1
15,32,1
15,39,1
15,56,1
15,57,1
15,64,1
15,68,1
15,70,1
15,73,1
15,76,1
15,78,1
15,79,1
15,82,1
15,92,1
105,15,1
113,15,1
16,17,1
16,21,1
16,39,1
16,42,1
16,51,1
16,56,1
16,57,1
16,60,1
16,64,1
16,68,1
16,70,1
16,72,1
16,73,1
16,74,1
16,76,1
16,78,1
16,79,1
16,81,1
16,82,1
16,92,1
105,16,1
111,16,1
112,16,1
17,39,1
17,56,1
17,57,1
17,60,1
17,64,1
17,68,1
17,73,1
17,76,1
17,78,1
17,79,1
17,82,1
17,92,1
105,17,1
113,17,1
21,32,1
21,39,1
21,56,1
21,57,1
21,64,1
21,68,1
21,70,1
21,73,1
21,78,1
21,79,1
21,82,1
21,92,1
105,21,1
113,21,1
31,39,1
31,56,1
31,57,1
31,64,1
31,73,1
31,78,1
31,79,1
31,82,1
31,92,1
108,31,1
111,31,1
113,31,1
32,39,1
32,42,1
32,51,1
32,56,1
32,60,1
32,64,1
32,68,1
32,70,1
32,72,1
32,73,1
32,74,1
32,76,1
32,78,1
32,79,1
32,81,1
32,82,1
105,32,1
108,32,1
111,32,1
113,32,1
37,39,1
37,56,1
37,57,1
37,64,1
37,68,1
37,70,1
37,73,1
37,78,1
37,79,1
37,82,1
37,92,1
105,37,1
113,37,1
38,39,1
38,56,1
38,57,1
38,64,1
38,68,1
38,70,1
38,73,1
38,78,1
38,79,1
38,82,1
38,92,1
105,38,1
113,38,1
39,51,1
39,56,1
39,57,1
39,60,1
39,64,1
39,68,1
39,79,1
39,81,1
39,82,1
39,92,1
105,39,1
108,39,1
111,39,1
112,39,1
113,39,1
42,56,1
42,57,1
42,60,1
42,70,1
42,78,1
42,82,1
42,92,1
105,42,1
51,56,1
51,57,1
51,64,1
51,70,1
51,78,1
51,79,1
51,82,1
51,92,1
105,51,1
113,51,1
56,57,1
56,60,1
56,64,1
56,68,1
56,70,1
56,72,1
56,73,1
56,74,1
56,76,1
56,78,1
56,79,1
56,81,1
56,82,1
56,92,1
105,56,1
108,56,1
111,56,1
112,56,1
113,56,1
57,60,1
57,64,1
57,68,1
57,70,1
57,72,1
57,73,1
57,74,1
57,76,1
57,78,1
57,79,1
57,81,1
57,82,1
57,92,1
105,57,1
108,57,1
111,57,1
112,57,1
113,57,1
60,64,1
60,68,1
60,72,1
60,73,1
60,74,1
60,78,1
60,79,1
60,81,1
60,82,1
60,92,1
105,60,1
108,60,1
111,60,1
113,60,1
64,68,1
64,70,1
64,72,1
64,73,1
64,74,1
64,76,1
64,78,1
64,79,1
64,81,1
64,82,1
64,92,1
105,64,1
108,64,1
111,64,1
112,64,1
113,64,1
68,70,1
68,72,1
68,73,1
68,74,1
68,76,1
68,78,1
68,79,1
68,81,1
68,82,1
68,92,1
105,68,1
108,68,1
111,68,1
112,68,1
113,68,1
70,79,1
70,81,1
70,82,1
70,92,1
105,70,1
108,70,1
111,70,1
112,70,1
113,70,1
72,79,1
72,82,1
72,92,1
105,72,1
113,72,1
73,79,1
73,81,1
73,82,1
73,92,1
105,73,1
108,73,1
111,73,1
112,73,1
113,73,1
74,79,1
74,82,1
74,92,1
105,74,1
113,74,1
76,79,1
76,81,1
76,82,1
76,92,1
105,76,1
108,76,1
111,76,1
113,76,1
78,79,1
78,81,1
78,82,1
78,92,1
105,78,1
108,78,1
111,78,1
112,78,1
113,78,1
79,81,1
79,82,1
79,92,1
105,79,1
108,79,1
111,79,1
112,79,1
113,79,1
81,82,1
81,92,1
105,81,1
113,81,1
82,92,1
105,82,1
108,82,1
111,82,1
112,82,1
113,82,1
105,92,1
108,92,1
111,92,1
112,92,1
113,92,1
105,108,1
105,111,1
105,112,1
105,113,1
111,113,1
112,113,1
16,46,1
39,7,1
51,7,1
56,7,1
7,71,1
7,74,1
7,79,1
7,82,1
7,93,1
108,7,1
17,93,1
28,39,1
28,56,1
28,68,1
28,70,1
28,79,1
28,82,1
28,93,1
105,28,1
37,93,1
38,93,1
39,93,1
51,93,1
56,71,1
56,93,1
68,71,1
68,93,1
70,93,1
71,79,1
71,82,1
71,93,1
105,71,1
74,93,1
79,93,1
81,93,1
82,93,1
105,93,1
108,93,1
15,87,1
0,22,1
0,76,1
22,6,1
6,76,1
16,22,1
22,76,1
15,41,1
18,41,1
0,79,1
6,79,1
4,7,1
15,4,1
13,7,1
51,6,1
3,4,1
3,6,1
3,7,1
17,3,1
3,43,1
3,51,1
3,79,1
4,8,1
17,4,1
19,4,1
4,43,1
6,8,1
6,9,1
19,6,1
21,6,1
7,8,1
7,9,1
19,7,1
21,7,1
43,7,1
17,8,1
43,8,1
51,8,1
79,8,1
43,9,1
15,19,1
15,43,1
17,19,1
17,43,1
19,43,1
19,51,1
19,79,1
21,43,1
43,51,1
43,79,1
33,5,1
28,6,1
36,6,1
18,26,1
26,43,1
11,4,1
28,4,1
4,40,1
4,65,1
4,95,1
110,4,1
11,13,1
11,17,1
11,28,1
11,37,1
11,38,1
11,40,1
11,51,1
11,65,1
11,95,1
11,110,1
110,13,1
110,17,1
110,28,1
110,37,1
110,38,1
110,40,1
110,51,1
110,65,1
110,95,1
6,71,1
6,74,1
6,88,1
15,88,1
18,76,1
18,88,1
22,37,1
22,51,1
22,71,1
22,74,1
37,88,1
51,88,1
71,88,1
74,88,1
76,88,1
104,5,1
14,9,1
14,22,1
14,31,1
0,9,1
0,10,1
0,14,1
0,17,1
0,21,1
0,24,1
0,28,1
0,34,1
0,35,1
0,39,1
0,46,1
0,48,1
0,51,1
0,55,1
0,57,1
0,58,1
0,59,1
0,60,1
0,62,1
0,64,1
0,68,1
0,70,1
0,71,1
0,72,1
0,74,1
0,75,1
0,78,1
0,80,1
0,81,1
0,93,1
0,96,1
0,97,1
0,98,1
0,102,1
0,105,1
0,110,1
0,111,1
10,7,1
14,7,1
18,7,1
35,7,1
48,7,1
55,7,1
57,7,1
58,7,1
62,7,1
64,7,1
7,72,1
7,75,1
7,78,1
7,80,1
7,96,1
7,97,1
7,98,1
102,7,1
110,7,1
111,7,1
24,9,1
34,9,1
35,9,1
46,9,1
48,9,1
55,9,1
58,9,1
62,9,1
80,9,1
9,93,1
9,96,1
9,97,1
9,98,1
102,9,1
110,9,1
10,14,1
10,18,1
10,24,1
10,28,1
10,34,1
10,35,1
10,46,1
10,48,1
10,55,1
10,58,1
10,59,1
10,62,1
10,71,1
10,75,1
10,80,1
10,93,1
10,96,1
10,97,1
10,98,1
10,102,1
10,110,1
13,14,1
13,22,1
13,24,1
13,34,1
13,35,1
13,46,1
13,48,1
13,55,1
13,62,1
13,80,1
13,93,1
13,96,1
102,13,1
14,15,1
14,17,1
14,21,1
14,28,1
14,34,1
14,35,1
14,37,1
14,38,1
14,39,1
14,42,1
14,46,1
14,48,1
14,55,1
14,57,1
14,58,1
14,59,1
14,60,1
14,62,1
14,64,1
14,68,1
14,70,1
14,71,1
14,72,1
14,74,1
14,75,1
14,76,1
14,78,1
14,80,1
14,81,1
14,93,1
14,96,1
14,97,1
14,98,1
102,14,1
105,14,1
110,14,1
111,14,1
15,24,1
15,34,1
15,35,1
15,46,1
15,48,1
15,55,1
15,58,1
15,62,1
15,80,1
15,93,1
15,96,1
15,97,1
15,98,1
102,15,1
110,15,1
17,35,1
17,48,1
17,55,1
17,58,1
17,62,1
17,80,1
17,96,1
17,97,1
17,98,1
18,24,1
18,34,1
18,39,1
18,46,1
18,55,1
18,57,1
18,60,1
18,68,1
18,70,1
18,78,1
18,80,1
18,93,1
18,97,1
18,98,1
102,18,1
105,18,1
110,18,1
21,22,1
21,24,1
21,34,1
21,35,1
21,46,1
21,48,1
21,55,1
21,58,1
21,62,1
21,80,1
21,93,1
21,96,1
21,97,1
21,98,1
102,21,1
110,21,1
22,24,1
22,28,1
22,34,1
22,35,1
22,38,1
22,39,1
22,48,1
22,55,1
22,57,1
22,58,1
22,59,1
22,60,1
22,62,1
22,64,1
22,68,1
22,70,1
22,72,1
22,75,1
22,78,1
22,80,1
22,81,1
22,93,1
22,96,1
22,97,1
22,98,1
102,22,1
105,22,1
110,22,1
111,22,1
24,28,1
24,35,1
24,39,1
24,42,1
24,48,1
24,51,1
24,55,1
24,57,1
24,58,1
24,59,1
24,60,1
24,62,1
24,64,1
24,68,1
24,71,1
24,74,1
24,75,1
24,78,1
24,80,1
24,81,1
24,93,1
110,24,1
111,24,1
28,34,1
28,35,1
28,46,1
28,48,1
28,55,1
28,57,1
28,58,1
28,60,1
28,62,1
28,78,1
28,80,1
28,96,1
28,97,1
28,98,1
102,28,1
31,48,1
31,55,1
31,62,1
31,71,1
31,75,1
31,80,1
31,93,1
31,97,1
31,98,1
110,31,1
34,35,1
34,37,1
34,38,1
34,39,1
34,42,1
34,48,1
34,51,1
34,55,1
34,57,1
34,58,1
34,59,1
34,60,1
34,62,1
34,64,1
34,68,1
34,70,1
34,71,1
34,74,1
34,75,1
34,76,1
34,78,1
34,80,1
34,93,1
34,96,1
34,98,1
102,34,1
105,34,1
110,34,1
111,34,1
35,37,1
35,38,1
35,39,1
35,42,1
35,46,1
35,48,1
35,51,1
35,55,1
35,57,1
35,58,1
35,59,1
35,60,1
35,62,1
35,64,1
35,70,1
35,71,1
35,72,1
35,74,1
35,75,1
35,76,1
35,78,1
35,81,1
35,93,1
35,96,1
35,97,1
35,98,1
102,35,1
105,35,1
110,35,1
111,35,1
37,46,1
37,48,1
37,55,1
37,58,1
37,62,1
37,80,1
37,96,1
37,97,1
37,98,1
102,37,1
38,46,1
38,48,1
38,55,1
38,62,1
38,80,1
38,96,1
38,98,1
102,38,1
39,46,1
39,48,1
39,55,1
39,58,1
39,59,1
39,62,1
39,75,1
39,80,1
39,96,1
39,97,1
39,98,1
102,39,1
110,39,1
42,46,1
42,48,1
42,55,1
42,58,1
42,62,1
42,80,1
42,93,1
42,96,1
42,97,1
42,98,1
110,42,1
46,48,1
46,51,1
46,55,1
46,57,1
46,58,1
46,59,1
46,60,1
46,62,1
46,64,1
46,68,1
46,70,1
46,71,1
46,72,1
46,74,1
46,75,1
46,78,1
46,80,1
46,81,1
46,93,1
46,96,1
46,97,1
46,98,1
105,46,1
110,46,1
111,46,1
48,51,1
48,55,1
48,57,1
48,58,1
48,59,1
48,60,1
48,62,1
48,64,1
48,68,1
48,70,1
48,71,1
48,72,1
48,74,1
48,75,1
48,76,1
48,78,1
48,80,1
48,81,1
48,93,1
48,96,1
48,98,1
102,48,1
105,48,1
110,48,1
111,48,1
51,55,1
51,58,1
51,62,1
51,80,1
51,96,1
51,97,1
51,98,1
102,51,1
55,57,1
55,58,1
55,59,1
55,60,1
55,62,1
55,64,1
55,68,1
55,70,1
55,71,1
55,72,1
55,74,1
55,75,1
55,76,1
55,78,1
55,80,1
55,81,1
55,93,1
55,96,1
55,97,1
55,98,1
102,55,1
105,55,1
110,55,1
111,55,1
57,62,1
57,71,1
57,75,1
57,80,1
57,93,1
57,96,1
57,97,1
57,98,1
102,57,1
110,57,1
58,60,1
58,62,1
58,64,1
58,68,1
58,70,1
58,71,1
58,72,1
58,74,1
58,75,1
58,76,1
58,78,1
58,80,1
58,81,1
58,93,1
58,96,1
58,98,1
102,58,1
110,58,1
111,58,1
59,62,1
59,64,1
59,68,1
59,78,1
59,80,1
59,93,1
59,96,1
59,98,1
102,59,1
105,59,1
110,59,1
60,62,1
60,71,1
60,75,1
60,80,1
60,93,1
60,96,1
60,97,1
60,98,1
102,60,1
110,60,1
62,64,1
62,68,1
62,70,1
62,71,1
62,72,1
62,74,1
62,75,1
62,76,1
62,78,1
62,80,1
62,81,1
62,93,1
62,96,1
62,97,1
62,98,1
102,62,1
105,62,1
110,62,1
111,62,1
64,71,1
64,75,1
64,80,1
64,93,1
64,96,1
64,97,1
64,98,1
102,64,1
110,64,1
68,75,1
68,80,1
68,96,1
68,97,1
68,98,1
102,68,1
110,68,1
70,80,1
70,96,1
70,97,1
70,98,1
102,70,1
110,70,1
71,80,1
71,96,1
71,97,1
71,98,1
102,71,1
110,71,1
72,80,1
72,93,1
72,96,1
72,97,1
72,98,1
102,72,1
110,72,1
74,80,1
74,96,1
74,97,1
74,98,1
102,74,1
110,74,1
75,80,1
75,93,1
75,96,1
75,97,1
75,98,1
102,75,1
105,75,1
110,75,1
76,80,1
76,93,1
76,97,1
76,98,1
102,76,1
110,76,1
78,80,1
78,93,1
78,96,1
78,97,1
78,98,1
102,78,1
110,78,1
80,81,1
80,93,1
80,96,1
80,97,1
80,98,1
102,80,1
105,80,1
110,80,1
111,80,1
81,96,1
81,97,1
81,98,1
102,81,1
110,81,1
93,96,1
93,97,1
93,98,1
102,93,1
110,93,1
111,93,1
96,97,1
96,98,1
102,96,1
105,96,1
110,96,1
111,96,1
97,98,1
102,97,1
105,97,1
110,97,1
111,97,1
102,98,1
111,98,1
102,105,1
102,110,1
102,111,1
110,111,1
2,28,1
2,40,1
30,4,1
116,4,1
30,6,1
13,30,1
116,13,1
15,30,1
18,30,1
116,18,1
30,37,1
116,30,1
45,88,1
47,64,1
47,69,1
59,69,1
14,6,1
39,6,1
42,6,1
6,64,1
6,70,1
14,79,1
11,2,1
11,22,1
22,40,1
0,112,1
112,7,1
14,40,1
112,14,1
40,64,1
40,79,1
59,79,1
5,90,1
112,22,1
112,96,1
102,112,1
2,7,1
10,2,1
14,2,1
15,2,1
17,2,1
18,2,1
2,21,1
2,24,1
2,25,1
2,31,1
2,32,1
2,33,1
2,34,1
2,35,1
2,39,1
2,42,1
2,44,1
2,46,1
2,48,1
2,51,1
2,55,1
2,57,1
2,58,1
2,59,1
2,62,1
2,64,1
2,66,1
2,68,1
2,69,1
2,70,1
2,71,1
2,72,1
2,74,1
2,75,1
2,76,1
2,78,1
2,81,1
2,82,1
2,83,1
2,93,1
2,95,1
2,96,1
2,97,1
2,98,1
2,99,1
102,2,1
108,2,1
111,2,1
33,7,1
66,7,1
69,7,1
7,83,1
7,99,1
10,25,1
10,40,1
10,44,1
10,66,1
10,69,1
10,83,1
10,95,1
10,99,1
14,25,1
14,32,1
14,33,1
14,44,1
14,66,1
14,69,1
14,82,1
14,83,1
14,95,1
14,99,1
108,14,1
15,25,1
15,33,1
15,44,1
15,66,1
15,69,1
15,83,1
17,33,1
17,66,1
17,69,1
17,83,1
18,25,1
18,33,1
18,44,1
18,66,1
18,69,1
18,83,1
21,25,1
21,44,1
21,66,1
21,69,1
21,83,1
22,32,1
22,33,1
22,44,1
22,66,1
22,69,1
22,82,1
22,83,1
22,95,1
108,22,1
24,33,1
24,40,1
24,44,1
24,66,1
24,69,1
24,82,1
24,83,1
24,99,1
108,24,1
25,33,1
25,34,1
25,35,1
25,37,1
25,39,1
25,40,1
25,42,1
25,44,1
25,46,1
25,48,1
25,51,1
25,55,1
25,57,1
25,58,1
25,59,1
25,62,1
25,64,1
25,66,1
25,68,1
25,69,1
25,70,1
25,71,1
25,72,1
25,74,1
25,75,1
25,76,1
25,78,1
25,81,1
25,82,1
25,83,1
25,93,1
25,95,1
25,96,1
25,97,1
25,98,1
25,99,1
108,25,1
111,25,1
31,33,1
31,66,1
31,69,1
31,83,1
31,99,1
32,33,1
32,35,1
32,48,1
32,55,1
32,58,1
32,62,1
32,66,1
32,69,1
32,71,1
32,75,1
32,83,1
32,93,1
32,95,1
32,96,1
32,98,1
32,99,1
102,32,1
33,34,1
33,35,1
33,37,1
33,39,1
33,40,1
33,42,1
33,44,1
33,46,1
33,48,1
33,51,1
33,55,1
33,57,1
33,58,1
33,59,1
33,62,1
33,64,1
33,66,1
33,68,1
33,69,1
33,70,1
33,71,1
33,72,1
33,74,1
33,75,1
33,76,1
33,78,1
33,81,1
33,82,1
33,83,1
33,93,1
33,95,1
33,96,1
33,97,1
33,98,1
33,99,1
102,33,1
108,33,1
111,33,1
34,40,1
34,44,1
34,66,1
34,69,1
34,82,1
34,83,1
34,95,1
34,99,1
108,34,1
35,40,1
35,44,1
35,66,1
35,69,1
35,82,1
35,83,1
35,95,1
35,99,1
108,35,1
37,66,1
37,69,1
37,83,1
39,40,1
39,44,1
39,66,1
39,69,1
39,83,1
39,95,1
39,99,1
40,46,1
40,48,1
40,55,1
40,57,1
40,58,1
40,62,1
40,66,1
40,68,1
40,69,1
40,70,1
40,76,1
40,78,1
40,82,1
40,83,1
40,93,1
40,97,1
40,98,1
102,40,1
42,44,1
42,66,1
42,69,1
42,83,1
44,46,1
44,48,1
44,51,1
44,55,1
44,57,1
44,58,1
44,59,1
44,62,1
44,64,1
44,66,1
44,68,1
44,69,1
44,70,1
44,71,1
44,72,1
44,74,1
44,75,1
44,76,1
44,78,1
44,81,1
44,82,1
44,83,1
44,93,1
44,95,1
44,96,1
44,97,1
44,98,1
44,99,1
102,44,1
108,44,1
111,44,1
46,66,1
46,69,1
46,82,1
46,83,1
46,95,1
46,99,1
108,46,1
48,66,1
48,69,1
48,82,1
48,83,1
48,95,1
48,99,1
108,48,1
51,66,1
51,69,1
51,83,1
55,66,1
55,69,1
55,82,1
55,83,1
55,95,1
55,99,1
108,55,1
57,66,1
57,69,1
57,83,1
57,95,1
57,99,1
58,66,1
58,69,1
58,82,1
58,83,1
58,95,1
58,99,1
108,58,1
59,66,1
59,82,1
59,83,1
62,66,1
62,69,1
62,82,1
62,83,1
62,95,1
62,99,1
108,62,1
64,83,1
64,95,1
64,99,1
66,68,1
66,70,1
66,71,1
66,72,1
66,74,1
66,75,1
66,76,1
66,78,1
66,81,1
66,82,1
66,83,1
66,93,1
66,95,1
66,96,1
66,97,1
66,98,1
66,99,1
102,66,1
108,66,1
111,66,1
68,69,1
68,83,1
68,95,1
68,99,1
69,70,1
69,71,1
69,72,1
69,74,1
69,75,1
69,76,1
69,78,1
69,81,1
69,82,1
69,83,1
69,93,1
69,95,1
69,96,1
69,97,1
69,98,1
69,99,1
102,69,1
108,69,1
111,69,1
70,83,1
70,99,1
71,83,1
72,83,1
74,83,1
75,82,1
75,83,1
76,83,1
76,99,1
78,83,1
78,99,1
81,83,1
82,95,1
82,96,1
82,97,1
82,98,1
82,99,1
102,82,1
83,93,1
83,95,1
83,96,1
83,97,1
83,98,1
83,99,1
102,83,1
108,83,1
111,83,1
93,95,1
93,99,1
95,96,1
95,97,1
95,98,1
102,95,1
96,99,1
108,96,1
97,99,1
108,97,1
98,99,1
108,98,1
102,99,1
102,108,1
0,25,1
0,26,1
0,56,1
0,65,1
0,69,1
0,77,1
0,82,1
0,83,1
0,92,1
0,95,1
0,106,1
0,108,1
0,113,1
0,117,1
10,4,1
22,4,1
24,4,1
25,4,1
26,4,1
32,4,1
34,4,1
4,46,1
4,56,1
4,57,1
4,58,1
4,59,1
4,60,1
4,62,1
4,64,1
4,68,1
4,69,1
4,70,1
4,72,1
4,74,1
4,75,1
4,77,1
4,78,1
4,80,1
4,81,1
4,82,1
4,83,1
4,92,1
4,93,1
4,96,1
4,97,1
102,4,1
105,4,1
106,4,1
108,4,1
111,4,1
112,4,1
113,4,1
10,6,1
25,6,1
26,6,1
34,6,1
46,6,1
56,6,1
57,6,1
58,6,1
59,6,1
6,60,1
6,62,1
6,65,1
6,68,1
6,69,1
6,72,1
6,75,1
6,77,1
6,78,1
6,80,1
6,81,1
6,82,1
6,83,1
6,92,1
6,93,1
6,95,1
6,96,1
6,97,1
6,98,1
102,6,1
105,6,1
106,6,1
108,6,1
111,6,1
112,6,1
113,6,1
117,6,1
26,7,1
65,7,1
7,77,1
7,92,1
113,7,1
117,7,1
25,9,1
69,9,1
77,9,1
83,9,1
106,9,1
10,65,1
10,77,1
10,106,1
10,117,1
14,26,1
14,56,1
14,65,1
14,77,1
14,92,1
106,14,1
113,14,1
117,14,1
15,77,1
106,15,1
17,26,1
17,77,1
106,17,1
18,56,1
18,92,1
106,18,1
113,18,1
21,77,1
106,21,1
22,26,1
22,56,1
22,65,1
22,77,1
22,92,1
106,22,1
113,22,1
117,22,1
24,26,1
24,56,1
24,65,1
24,77,1
24,79,1
106,24,1
112,24,1
113,24,1
25,26,1
25,28,1
25,38,1
25,56,1
25,60,1
25,65,1
25,77,1
25,79,1
25,80,1
25,92,1
105,25,1
106,25,1
112,25,1
113,25,1
117,25,1
26,28,1
26,31,1
26,32,1
26,34,1
26,37,1
26,38,1
26,39,1
26,40,1
26,42,1
26,46,1
26,51,1
26,56,1
26,57,1
26,58,1
26,59,1
26,60,1
26,62,1
26,64,1
26,65,1
26,68,1
26,69,1
26,70,1
26,71,1
26,72,1
26,74,1
26,75,1
26,76,1
26,77,1
26,78,1
26,79,1
26,80,1
26,81,1
26,82,1
26,83,1
26,92,1
26,93,1
26,95,1
26,96,1
26,97,1
26,98,1
102,26,1
105,26,1
106,26,1
108,26,1
111,26,1
112,26,1
113,26,1
117,26,1
28,32,1
28,77,1
28,83,1
28,92,1
106,28,1
113,28,1
31,65,1
31,77,1
106,31,1
32,65,1
32,77,1
32,80,1
106,32,1
34,56,1
34,65,1
34,77,1
34,79,1
106,34,1
113,34,1
117,34,1
37,77,1
106,37,1
38,69,1
38,77,1
38,83,1
106,39,1
117,39,1
40,56,1
40,77,1
40,80,1
40,92,1
105,40,1
106,40,1
113,40,1
42,77,1
106,42,1
46,56,1
46,65,1
46,77,1
46,79,1
46,92,1
106,46,1
112,46,1
113,46,1
117,46,1
51,77,1
106,51,1
56,58,1
56,59,1
56,65,1
56,69,1
56,75,1
56,77,1
56,80,1
56,83,1
56,95,1
56,96,1
56,97,1
56,98,1
102,56,1
106,56,1
117,56,1
57,65,1
57,77,1
106,57,1
117,57,1
58,65,1
58,77,1
58,79,1
58,92,1
112,58,1
113,58,1
117,58,1
59,77,1
59,92,1
106,59,1
113,59,1
60,65,1
60,69,1
60,77,1
60,83,1
106,60,1
117,60,1
62,65,1
62,77,1
62,79,1
62,92,1
106,62,1
112,62,1
113,62,1
117,62,1
64,77,1
106,64,1
117,64,1
65,68,1
65,70,1
65,76,1
65,77,1
65,78,1
65,79,1
65,80,1
65,82,1
65,83,1
65,92,1
65,93,1
65,96,1
65,97,1
65,98,1
102,65,1
105,65,1
106,65,1
113,65,1
68,77,1
106,68,1
117,68,1
69,77,1
69,79,1
69,80,1
69,92,1
105,69,1
106,69,1
112,69,1
113,69,1
117,69,1
106,70,1
117,70,1
71,92,1
106,71,1
113,71,1
106,72,1
106,74,1
75,79,1
75,92,1
106,75,1
113,75,1
106,76,1
77,79,1
77,80,1
77,81,1
77,82,1
77,83,1
77,92,1
77,93,1
77,96,1
77,97,1
77,98,1
102,77,1
105,77,1
106,77,1
108,77,1
111,77,1
112,77,1
113,77,1
117,77,1
106,78,1
117,78,1
79,80,1
79,83,1
79,95,1
79,96,1
79,97,1
79,98,1
102,79,1
106,79,1
117,79,1
80,82,1
80,83,1
80,92,1
80,95,1
106,80,1
108,80,1
112,80,1
113,80,1
117,80,1
106,81,1
106,82,1
117,82,1
83,92,1
105,83,1
106,83,1
112,83,1
113,83,1
117,83,1
92,93,1
92,95,1
92,96,1
92,97,1
92,98,1
102,92,1
106,92,1
117,92,1
106,93,1
112,93,1
113,93,1
117,93,1
105,95,1
106,95,1
113,95,1
106,96,1
113,96,1
117,96,1
106,97,1
112,97,1
113,97,1
117,97,1
112,98,1
113,98,1
102,106,1
102,113,1
102,117,1
105,117,1
106,108,1
106,111,1
106,112,1
106,113,1
106,117,1
113,117,1
22,43,1
31,43,1
38,43,1
43,95,1
105,43,1
0,54,1
54,6,1
54,7,1
7,88,1
54,9,1
88,9,1
10,54,1
10,88,1
13,54,1
13,88,1
14,16,1
14,88,1
15,54,1
16,54,1
16,88,1
16,93,1
16,95,1
17,54,1
22,54,1
31,54,1
31,88,1
37,54,1
38,54,1
38,88,1
40,54,1
40,88,1
42,54,1
51,54,1
54,74,1
54,76,1
54,88,1
54,93,1
54,95,1
108,54,1
88,93,1
88,95,1
108,88,1
13,23,1
0,5,1
0,47,1
47,5,1
0,11,1
11,42,1
44,87,1
88,94,1
7,73,1
32,88,1
34,73,1
34,88,1
46,73,1
46,88,1
58,73,1
58,88,1
73,88,1
73,99,1
117,88,1
20,41,1
47,90,1
5,51,1
33,47,1
33,90,1
39,43,1
43,64,1
108,43,1
112,43,1
42,43,1
0,33,1
33,4,1
4,45,1
33,6,1
41,6,1
45,6,1
41,7,1
45,7,1
41,9,1
45,9,1
13,33,1
15,45,1
31,41,1
33,41,1
33,45,1
37,41,1
37,45,1
39,41,1
39,45,1
40,41,1
41,45,1
41,51,1
41,70,1
41,76,1
41,93,1
41,95,1
45,51,1
45,70,1
45,76,1
45,93,1
45,95,1
47,62,1
13,43,1
17,45,1
33,38,1
33,43,1
38,45,1
43,45,1
43,46,1
43,76,1
45,46,1
30,40,1
1,88,1
30,9,1
22,30,1
6,94,1
13,94,1
14,94,1
116,14,1
18,94,1
22,94,1
116,22,1
40,94,1
51,94,1
116,51,1
54,94,1
113,54,1
116,54,1
113,94,1
116,94,1
113,116,1
49,6,1
16,49,1
16,58,1
40,49,1
45,49,1
45,58,1
108,45,1
113,45,1
49,58,1
49,96,1
108,49,1
113,49,1
11,99,1
0,99,1
4,99,1
6,99,1
17,41,1
41,99,1
47,79,1
49,7,1
10,49,1
15,49,1
34,49,1
38,49,1
49,51,1
49,68,1
49,76,1
49,79,1
49,92,1
49,95,1
117,49,1
16,24,1
29,47,1
42,45,1
15,5,1
104,47,1
1,6,1
41,88,1
107,6,1
107,18,1
107,31,1
107,38,1
16,30,1
0,1,1
0,19,1
1,2,1
1,4,1
1,7,1
1,13,1
1,18,1
1,31,1
1,34,1
1,37,1
1,39,1
1,40,1
1,41,1
1,42,1
1,45,1
1,51,1
1,68,1
1,70,1
1,95,1
1,117,1
2,6,1
2,9,1
19,2,1
2,45,1
117,2,1
13,19,1
18,19,1
19,22,1
19,31,1
19,34,1
19,37,1
19,39,1
19,40,1
19,41,1
19,42,1
19,45,1
19,68,1
19,70,1
19,95,1
117,19,1
22,45,1
34,41,1
34,45,1
41,42,1
41,68,1
117,41,1
45,68,1
117,45,1
0,43,1
43,93,1
100,7,1
16,34,1
16,59,1
100,16,1
117,16,1
100,17,1
100,24,1
100,32,1
100,34,1
100,38,1
100,46,1
100,59,1
100,72,1
100,92,1
100,111,1
100,117,1
112,55,1
13,3,1
18,3,1
32,41,1
41,79,1
108,3,1
1,38,1
1,43,1
1,76,1
1,107,1
22,3,1
3,38,1
3,40,1
3,42,1
3,70,1
3,76,1
3,95,1
107,3,1
107,7,1
107,9,1
107,13,1
107,15,1
107,22,1
107,40,1
107,42,1
43,70,1
107,43,1
107,51,1
107,70,1
107,76,1
107,95,1
15,94,1
2,79,1
13,26,1
4,55,1
55,88,1
1,32,1
1,79,1
1,96,1
1,109,1
109,6,1
109,7,1
109,9,1
109,15,1
109,18,1
109,22,1
32,45,1
107,32,1
109,32,1
37,43,1
107,37,1
109,37,1
109,38,1
109,40,1
109,42,1
43,96,1
109,43,1
45,79,1
107,45,1
109,45,1
109,51,1
109,70,1
109,76,1
107,79,1
109,79,1
109,95,1
107,96,1
109,96,1
107,109,1
2,88,1
88,96,1
3,33,1
3,77,1
33,77,1
11,39,1
11,47,1
39,47,1
4,94,1
17,94,1
31,94,1
11,5,1
23,5,1
43,58,1
43,71,1
43,74,1
113,88,1
11,90,1
114,6,1
114,13,1
114,42,1
114,51,1
79,88,1
114,79,1
114,88,1
10,43,1
104,90,1
3,31,1
3,41,1
3,88,1
3,94,1
3,99,1
9,94,1
104,50,1
45,99,1
104,29,1
34,43,1
43,57,1
43,59,1
43,69,1
43,75,1
43,99,1
117,43,1
23,29,1
104,23,1
64,88,1
68,88,1
28,33,1
1,17,1
1,30,1
1,46,1
1,99,1
1,102,1
3,30,1
3,46,1
102,3,1
10,30,1
30,46,1
30,99,1
102,30,1
12,23,1
12,90,1
23,90,1
104,11,1
29,90,1
103,31,1
10,41,1
0,73,1
4,73,1
6,73,1
22,73,1
14,8,1
68,8,1
8,82,1
14,19,1
19,82,1
30,42,1
30,60,1
30,95,1
4,49,1
49,70,1
1,25,1
25,3,1
11,50,1
11,86,1
23,50,1
23,86,1
50,86,1
104,86,1
114,20,1
18,8,1
76,8,1
113,8,1
2,3,1
11,3,1
14,3,1
3,37,1
3,39,1
11,14,1
11,18,1
11,41,1
11,76,1
14,41,1
38,41,1
17,5,1
17,90,1
49,98,1
1,14,1
1,33,1
1,58,1
1,59,1
1,75,1
1,78,1
1,93,1
1,106,1
1,111,1
3,58,1
3,59,1
3,68,1
3,75,1
3,78,1
3,93,1
106,3,1
111,3,1
33,79,1
106,33,1
41,55,1
4,47,1
5,7,1
31,5,1
40,5,1
14,45,1
114,4,1
47,92,1
60,66,1
112,66,1
14,85,1
16,85,1
40,85,1
51,85,1
72,85,1
113,85,1
2,65,1
2,73,1
28,73,1
7,94,1
26,94,1
116,17,1
3,96,1
3,98,1
30,51,1
29,50,1
2,56,1
112,2,1
55,56,1
117,55,1
25,54,1
34,54,1
39,54,1
54,57,1
54,59,1
54,60,1
54,64,1
54,70,1
54,71,1
54,81,1
102,54,1
111,54,1
112,54,1
117,54,1
2,20,1
20,79,1
5,86,1
10,5,1
14,30,1
102,45,1
20,22,1
48,6,1
55,6,1
6,85,1
100,6,1
115,6,1
7,85,1
115,7,1
17,85,1
107,17,1
24,30,1
24,54,1
107,24,1
100,25,1
107,25,1
115,25,1
30,32,1
30,34,1
30,38,1
30,48,1
30,54,1
30,55,1
30,58,1
30,59,1
30,64,1
30,71,1
30,74,1
30,76,1
30,78,1
30,81,1
30,82,1
30,85,1
30,97,1
30,98,1
100,30,1
105,30,1
107,30,1
108,30,1
111,30,1
115,30,1
117,30,1
100,31,1
32,54,1
32,85,1
115,32,1
107,34,1
115,34,1
37,85,1
100,37,1
38,85,1
46,54,1
46,85,1
107,46,1
48,54,1
48,85,1
100,48,1
107,48,1
115,48,1
117,48,1
54,55,1
54,58,1
54,78,1
54,82,1
54,85,1
54,97,1
54,98,1
100,54,1
105,54,1
107,54,1
115,54,1
55,85,1
100,55,1
107,55,1
58,85,1
107,58,1
59,85,1
107,59,1
64,85,1
100,64,1
107,64,1
71,85,1
100,71,1
107,71,1
115,71,1
74,85,1
100,74,1
107,74,1
76,85,1
100,76,1
78,85,1
100,78,1
107,78,1
115,78,1
81,85,1
100,81,1
107,81,1
82,85,1
100,82,1
107,82,1
115,82,1
85,97,1
85,98,1
100,85,1
102,85,1
105,85,1
107,85,1
108,85,1
111,85,1
115,85,1
117,85,1
100,97,1
107,97,1
115,97,1
107,98,1
100,102,1
100,108,1
102,107,1
102,115,1
105,107,1
107,111,1
107,117,1
23,47,1
41,43,1
108,84,1
13,25,1
115,13,1
24,43,1
24,73,1
25,43,1
25,73,1
107,39,1
43,55,1
43,73,1
43,97,1
102,43,1
115,43,1
55,73,1
73,93,1
73,97,1
102,73,1
107,73,1
107,93,1
115,93,1
100,9,1
100,15,1
100,22,1
100,39,1
100,51,1
100,62,1
100,70,1
100,75,1
100,96,1
100,112,1
13,83,1
13,8,1
40,8,1
42,8,1
13,77,1
110,47,1
0,49,1
0,100,1
0,101,1
2,49,1
2,54,1
2,77,1
2,80,1
100,2,1
101,2,1
110,2,1
4,44,1
4,54,1
100,4,1
101,4,1
101,6,1
110,6,1
101,7,1
44,9,1
49,9,1
101,9,1
10,100,1
10,101,1
14,49,1
100,14,1
101,14,1
101,15,1
100,18,1
101,18,1
21,41,1
21,49,1
21,54,1
100,21,1
101,21,1
22,49,1
101,22,1
31,49,1
101,31,1
32,49,1
101,32,1
110,32,1
101,34,1
37,49,1
101,37,1
101,38,1
39,49,1
101,39,1
40,73,1
100,40,1
101,40,1
41,44,1
41,49,1
41,54,1
41,56,1
41,57,1
41,58,1
41,59,1
41,62,1
41,71,1
41,72,1
41,73,1
41,74,1
41,77,1
41,80,1
41,81,1
41,82,1
41,83,1
100,41,1
101,41,1
110,41,1
111,41,1
112,41,1
100,42,1
101,42,1
44,49,1
44,54,1
44,56,1
44,73,1
44,77,1
44,79,1
44,80,1
100,44,1
101,44,1
110,44,1
112,44,1
117,44,1
49,54,1
49,55,1
49,56,1
49,57,1
49,59,1
49,62,1
49,71,1
49,72,1
49,73,1
49,74,1
49,77,1
49,80,1
49,81,1
49,82,1
49,83,1
100,49,1
101,49,1
110,49,1
111,49,1
112,49,1
101,51,1
54,68,1
54,72,1
54,73,1
54,77,1
54,79,1
54,80,1
54,83,1
101,54,1
110,54,1
55,77,1
55,79,1
101,55,1
100,56,1
101,56,1
110,56,1
100,57,1
101,57,1
101,58,1
59,73,1
101,59,1
62,73,1
101,62,1
100,68,1
101,68,1
101,70,1
101,71,1
101,72,1
73,80,1
73,83,1
100,73,1
101,73,1
110,73,1
101,74,1
101,76,1
100,77,1
101,77,1
110,77,1
100,79,1
101,79,1
110,79,1
100,80,1
101,80,1
101,81,1
101,82,1
110,82,1
100,83,1
101,83,1
110,83,1
100,95,1
101,95,1
100,101,1
101,110,1
101,111,1
101,112,1
101,117,1
110,112,1
110,117,1
41,89,1
25,8,1
8,99,1
79,99,1
19,38,1
19,71,1
19,76,1
2,90,1
12,5,1
3,80,1
20,7,1
20,31,1
20,37,1
20,38,1
20,40,1
20,42,1
20,43,1
20,51,1
20,68,1
20,75,1
20,76,1
20,80,1
20,99,1
43,80,1
80,99,1
41,63,1
103,85,1
37,94,1
25,94,1
30,94,1
41,96,1
116,41,1
116,95,1
116,96,1
8,94,1
30,57,1
113,30,1
107,57,1
109,17,1
109,33,1
109,34,1
109,57,1
109,74,1
109,99,1
19,88,1
43,81,1
106,43,1
15,84,1
47,50,1
16,47,1
30,8,1
116,25,1
13,50,1
52,9,1
42,52,1
52,79,1
116,27,1
18,85,1
11,29,1
114,7,1
16,97,1
114,16,1
22,85,1
114,22,1
114,32,1
114,34,1
114,85,1
114,97,1
117,86,1
21,30,1
30,39,1
30,75,1
112,30,1
60,99,1
70,8,1
102,94,1
13,49,1
49,93,1
33,8,1
8,90,1
15,90,1
19,25,1
19,30,1
25,88,1
30,88,1
44,88,1
5,50,1
114,96,1
107,114,1
19,5,1
20,58,1
20,95,1
29,5,1
29,86,1
50,90,1
86,90,1
20,4,1
47,86,1
117,5,1
11,15,1
16,55,1
10,94,1
20,60,1
20,84,1
41,60,1
41,84,1
60,84,1
113,2,1
20,70,1
13,5,1
28,88,1
39,88,1
56,88,1
57,88,1
70,88,1
81,88,1
10,91,1
109,25,1
109,30,1
109,31,1
108,109,1
109,113,1
22,63,1
0,3,1
3,45,1
19,23,1
43,82,1
111,43,1
13,52,1
15,52,1
31,52,1
37,52,1
38,52,1
40,52,1
51,52,1
52,60,1
109,14,1
16,25,1
109,16,1
41,64,1
2,8,1
64,94,1
70,94,1
79,94,1
114,2,1
114,9,1
109,3,1
109,46,1
102,109,1
19,94,1
116,42,1
102,88,1
116,99,1
102,116,1
46,8,1
116,46,1
26,30,1
0,91,1
2,60,1
2,91,1
106,2,1
4,91,1
14,91,1
15,91,1
37,91,1
38,91,1
41,91,1
106,41,1
42,91,1
49,60,1
49,91,1
106,49,1
51,91,1
60,91,1
68,91,1
70,91,1
73,91,1
106,73,1
76,91,1
79,91,1
106,91,1
27,3,1
3,34,1
3,65,1
3,74,1
3,81,1
113,3,1
117,3,1
27,9,1
10,27,1
15,27,1
21,27,1
27,79,1
45,8,1
102,8,1
10,45,1
30,45,1
116,45,1
35,6,1
103,6,1
16,35,1
103,16,1
103,35,1
103,59,1
17,49,1
28,49,1
103,55,1
2,94,1
114,15,1
107,60,1
11,117,1
24,45,1
37,8,1
38,8,1
117,8,1
114,33,1
41,8,1
21,88,1
26,41,1
26,88,1
7,86,1
13,86,1
31,86,1
32,86,1
40,86,1
1,26,1
26,3,1
63,9,1
15,63,1
19,33,1
19,63,1
21,63,1
33,63,1
103,17,1
18,52,1
41,87,1
87,99,1
47,70,1
8,87,1
22,87,1
25,87,1
30,87,1
102,87,1
13,85,1
114,46,1
87,88,1
27,8,1
27,87,1
27,88,1
27,94,1
87,94,1
102,114,1
14,20,1
18,20,1
1,60,1
13,20,1
17,20,1
20,34,1
117,20,1
49,78,1
26,45,1
117,33,1
13,44,1
105,44,1
31,8,1
24,41,1
24,88,1
116,26,1
116,33,1
114,99,1
19,28,1
19,74,1
19,96,1
114,19,1
114,68,1
11,9,1
11,59,1
11,60,1
11,64,1
11,70,1
11,75,1
11,81,1
11,112,1
30,79,1
103,7,1
103,18,1
103,32,1
103,34,1
103,38,1
103,39,1
103,77,1
18,87,1
105,87,1
116,87,1
105,116,1
44,8,1
30,44,1
44,94,1
41,85,1
85,99,1
28,44,1
21,94,1
42,84,1
15,50,1
28,43,1
0,20,1
2,92,1
20,39,1
20,72,1
20,74,1
20,77,1
20,81,1
20,92,1
20,96,1
111,20,1
12,33,1
12,47,1
0,87,1
2,30,1
105,2,1
24,3,1
28,3,1
3,35,1
3,48,1
3,54,1
3,55,1
3,60,1
3,62,1
3,64,1
3,69,1
3,71,1
3,72,1
3,73,1
3,82,1
105,3,1
110,3,1
112,3,1
13,69,1
28,30,1
28,54,1
30,35,1
30,62,1
30,68,1
30,69,1
30,70,1
30,72,1
30,73,1
30,80,1
30,93,1
30,96,1
110,30,1
35,54,1
35,73,1
112,35,1
117,35,1
112,48,1
54,69,1
54,75,1
54,96,1
54,99,1
69,73,1
110,69,1
73,96,1
73,98,1
105,99,1
110,99,1
108,110,1
49,84,1
43,72,1
43,85,1
43,98,1
35,4,1
35,56,1
35,79,1
35,88,1
0,52,1
52,95,1
24,49,1
46,49,1
16,4,1
46,94,1
0,8,1
0,30,1
0,114,1
114,25,1
114,41,1
20,25,1
25,41,1
85,95,1
16,2,1
109,13,1
11,19,1
52,7,1
24,52,1
27,52,1
32,52,1
34,52,1
46,52,1
103,46,1
52,98,1
102,52,1
103,52,1
102,103,1
2,43,1
19,60,1
19,75,1
19,77,1
19,98,1
19,99,1
20,82,1
20,98,1
33,60,1
43,60,1
43,77,1
77,99,1
102,41,1
114,30,1
70,85,1
114,70,1
3,66,1
66,79,1
67,7,1
17,67,1
25,67,1
32,67,1
38,67,1
67,76,1
114,52,1
16,19,1
47,49,1
45,5,1
45,50,1
43,65,1
65,85,1
68,85,1
116,79,1
2,89,1
116,2,1
8,89,1
22,89,1
88,89,1
89,99,1
116,89,1
19,29,1
46,67,1
114,14,1
115,14,1
115,15,1
115,51,1
114,98,1
100,113,1
113,114,1
113,115,1
115,40,1
90,91,1
16,28,1
116,63,1
15,67,1
22,67,1
37,67,1
67,95,1
114,59,1
0,103,1
1,64,1
17,91,1
0,27,1
63,7,1
31,63,1
11,12,1
19,91,1
20,6,1
91,99,1
114,55,1
108,8,1
108,19,1
113,35,1
117,23,1
117,90,1
17,36,1
17,84,1
18,84,1
22,36,1
22,84,1
115,22,1
28,45,1
28,84,1
28,94,1
36,42,1
36,46,1
36,72,1
36,76,1
36,84,1
36,88,1
36,94,1
39,84,1
39,94,1
115,42,1
45,60,1
45,65,1
45,71,1
45,72,1
45,74,1
45,84,1
115,45,1
46,84,1
60,88,1
60,94,1
65,84,1
65,88,1
65,94,1
115,70,1
71,84,1
71,94,1
72,88,1
72,94,1
74,94,1
76,94,1
84,88,1
84,94,1
115,84,1
115,88,1
94,95,1
115,94,1
102,19,1
88,91,1
8,80,1
109,4,1
49,64,1
109,49,1
109,56,1
109,62,1
109,64,1
109,72,1
109,98,1
0,66,1
4,66,1
6,66,1
13,66,1
38,66,1
49,66,1
49,88,1
56,66,1
66,88,1
117,66,1
19,46,1
19,55,1
19,58,1
19,72,1
19,73,1
19,81,1
106,19,1
111,19,1
112,19,1
106,55,1
16,80,1
19,80,1
80,88,1
2,26,1
3,32,1
3,57,1
3,83,1
38,94,1
106,88,1
106,94,1
45,59,1
71,8,1
47,6,1
114,26,1
25,45,1
103,108,1
106,44,1
62,88,1
93,94,1
26,91,1
39,8,1
1,73,1
59,8,1
73,8,1
8,96,1
19,59,1
33,73,1
49,99,1
1,16,1
1,54,1
22,91,1
49,65,1
56,99,1
36,99,1
109,21,1
109,28,1
109,44,1
109,58,1
109,68,1
109,71,1
109,75,1
109,77,1
109,81,1
109,82,1
109,83,1
109,93,1
109,111,1
109,117,1
30,56,1
30,92,1
44,60,1
44,92,1
113,44,1
88,92,1
105,88,1
92,99,1
113,99,1
10,114,1
16,99,1
10,109,1
0,36,1
2,36,1
36,4,1
13,36,1
15,36,1
21,36,1
36,37,1
36,41,1
36,51,1
68,94,1
116,76,1
109,94,1
109,116,1
44,52,1
114,57,1
25,49,1
106,35,1
102,49,1
73,84,1
75,84,1
78,84,1
28,41,1
41,65,1
0,109,1
109,60,1
27,42,1
4,89,1
26,89,1
13,89,1
42,87,1
37,89,1
1,23,1
1,29,1
1,35,1
1,47,1
1,49,1
1,50,1
1,56,1
1,62,1
1,65,1
1,72,1
1,74,1
1,80,1
1,81,1
1,82,1
1,83,1
1,86,1
1,90,1
1,91,1
1,94,1
1,104,1
1,105,1
1,108,1
16,8,1
23,8,1
29,8,1
35,8,1
47,8,1
49,8,1
50,8,1
56,8,1
60,8,1
62,8,1
65,8,1
72,8,1
74,8,1
8,81,1
8,83,1
8,86,1
8,91,1
8,95,1
104,8,1
105,8,1
13,29,1
13,90,1
13,91,1
104,13,1
14,23,1
14,29,1
14,47,1
14,50,1
14,86,1
14,90,1
104,14,1
16,20,1
16,23,1
16,29,1
16,50,1
16,62,1
16,65,1
16,83,1
16,86,1
16,90,1
16,91,1
16,94,1
102,16,1
104,16,1
17,23,1
17,29,1
17,50,1
17,86,1
104,17,1
18,23,1
18,29,1
18,50,1
18,86,1
18,90,1
18,91,1
104,18,1
19,27,1
19,35,1
19,47,1
19,49,1
19,50,1
19,56,1
19,62,1
19,65,1
19,83,1
19,86,1
19,90,1
104,19,1
105,19,1
20,23,1
20,27,1
20,29,1
20,35,1
20,45,1
20,46,1
20,47,1
20,49,1
20,50,1
20,56,1
20,59,1
20,62,1
20,65,1
20,73,1
20,83,1
20,86,1
20,90,1
20,91,1
20,94,1
102,20,1
104,20,1
105,20,1
108,20,1
22,23,1
22,29,1
22,47,1
22,50,1
22,86,1
22,90,1
104,22,1
23,25,1
23,27,1
23,35,1
23,45,1
23,46,1
23,49,1
23,51,1
23,56,1
23,59,1
23,60,1
23,62,1
23,65,1
23,68,1
23,70,1
23,72,1
23,73,1
23,74,1
23,76,1
23,79,1
23,80,1
23,81,1
23,82,1
23,83,1
23,91,1
23,94,1
23,95,1
102,23,1
105,23,1
108,23,1
25,29,1
25,47,1
25,50,1
25,86,1
25,90,1
25,91,1
104,25,1
27,29,1
27,47,1
27,50,1
27,80,1
27,83,1
27,86,1
27,90,1
27,91,1
104,27,1
29,35,1
29,45,1
29,46,1
29,49,1
29,51,1
29,56,1
29,59,1
29,60,1
29,62,1
29,65,1
29,68,1
29,70,1
29,72,1
29,73,1
29,74,1
29,76,1
29,79,1
29,80,1
29,81,1
29,82,1
29,83,1
29,91,1
29,94,1
29,95,1
102,29,1
105,29,1
108,29,1
117,29,1
35,45,1
35,47,1
35,50,1
35,65,1
35,86,1
35,90,1
35,91,1
35,94,1
104,35,1
45,47,1
45,56,1
45,62,1
45,80,1
45,81,1
45,83,1
45,86,1
45,90,1
45,91,1
104,45,1
105,45,1
46,47,1
46,50,1
46,86,1
46,90,1
46,91,1
104,46,1
47,56,1
47,68,1
47,73,1
47,76,1
47,80,1
47,82,1
47,83,1
47,91,1
47,94,1
102,47,1
105,47,1
49,50,1
49,86,1
49,90,1
49,94,1
104,49,1
105,49,1
50,51,1
50,56,1
50,59,1
50,60,1
50,62,1
50,65,1
50,68,1
50,70,1
50,72,1
50,73,1
50,74,1
50,76,1
50,79,1
50,80,1
50,81,1
50,82,1
50,83,1
50,91,1
50,94,1
50,95,1
102,50,1
105,50,1
108,50,1
117,50,1
51,86,1
51,90,1
104,51,1
56,86,1
56,90,1
56,91,1
56,94,1
104,56,1
59,86,1
59,90,1
59,91,1
59,94,1
104,59,1
60,86,1
60,90,1
104,60,1
62,86,1
62,90,1
62,91,1
62,94,1
104,62,1
65,86,1
65,90,1
65,91,1
104,65,1
68,86,1
68,90,1
104,68,1
70,86,1
70,90,1
104,70,1
72,86,1
72,90,1
72,91,1
104,72,1
73,86,1
73,90,1
73,94,1
104,73,1
74,86,1
74,90,1
74,91,1
104,74,1
76,86,1
76,90,1
104,76,1
79,86,1
79,90,1
104,79,1
80,86,1
80,90,1
80,91,1
80,94,1
104,80,1
81,86,1
81,90,1
81,91,1
81,94,1
104,81,1
82,86,1
82,90,1
82,91,1
82,94,1
104,82,1
83,86,1
83,90,1
83,91,1
83,94,1
104,83,1
86,91,1
86,94,1
86,95,1
102,86,1
105,86,1
108,86,1
90,94,1
90,95,1
102,90,1
105,90,1
108,90,1
91,94,1
91,95,1
102,91,1
104,91,1
105,91,1
108,91,1
117,91,1
104,94,1
105,94,1
108,94,1
117,94,1
104,95,1
102,104,1
104,105,1
104,108,1
104,117,1
9,91,1
109,8,1
109,39,1
114,3,1
39,85,1
52,8,1
19,44,1
19,52,1
22,52,1
25,52,1
52,88,1
52,94,1
52,99,1
116,52,1
11,26,1
13,87,1
101,105,1
106,16,1
106,85,1
85,86,1
85,88,1
44,45,1
26,99,1
105,114,1
106,114,1
114,84,1
85,93,1
106,107,1
107,110,1